film,studio,rottenscore,audscore,story,genre,openingtheaters,avgopening,DOMgross,FORgross,WWgross,budget,percentprofit,grossopening,year
30 Minutes or Less,Independent,43,48,Comedy,Comedy,2888,4616,37.05,3.49,40.55,28,144.83,13.33,2011
50/50,Independent,93,93,Discovery,Comedy,2458,3517,35.01,4.17,39.19,8,489.84,8.64,2011
A Very Harold and Kumar Christmas,Lionsgate,72,71,Comedy,Comedy,2875,4506,35.06,0.33,35.39,19,186.25,12.95,2011
Abduction,Vertigo Entertainment,4,46,Maturation,Action,3118,3504,28.09,54,82.09,35,234.53,10.93,2011
Anonymous,Relativity Media,46,66,Tragedy,Drama,265,3856,4.46,10.93,15.39,30,51.31,1.02,2011
Apollo 18,Weinstein Company,23,31,Monster Force,Horror,3328,2615,17.69,7.88,25.56,5,511.24,8.7,2011
Arthur,Warner Bros,26,49,Sacrifice,Comedy,3276,3731,33.04,12.7,45.74,40,114.34,12.22,2011
Arthur Christmas,Aardman Animations,92,82,Journey and Return,Animation,3376,3537,46.46,100.95,147.41,150,98.27,12.07,2011
Bad Teacher,Independent,44,38,Comedy,Comedy,3049,10365,100.29,115.9,216.2,20,1080.98,31.6,2011
Battle: Los Angeles,Relativity Media,35,50,Monster Force,Action,3417,10411,83.55,128.27,211.82,70,302.6,35.57,2011
Beastly,CBS Films,19,50,Metamorphosis,Romance,1952,5047,27.87,15.3,43.17,17,253.91,9.85,2011
Beginners,Independent,84,80,Love,Comedy,5,28268,5.79,8.52,14.31,3.2,447.19,0.14,2011
Bridesmaids,Relativity Media,90,77,Rivalry,Comedy,2918,8995,169.11,119.28,288.38,32.5,887.33,26.25,2011
Captain America: The First Avenger,Disney,78,75,Metamorphosis,Action,3715,17512,176.65,193.92,370.57,140,264.69,65.06,2011
Cars 2,Pixar,38,56,Fish Out Of Water,Animation,4115,16072,191.45,368.4,559.85,200,279.93,66.14,2011
Colombiana,Sony,28,55,Revenge,Action,2614,3982,36.67,24.3,60.97,40,152.41,10.41,2011
Conan the Barbarian,Lionsgate,22,34,Quest,Action,3015,3324,21.3,27.5,48.8,90,54.22,10.02,2011
Contagion,Warner Bros,84,63,The Riddle,Thriller,3222,6935,75.66,59.8,135.46,60,225.76,22.4,2011
Cowboys and Aliens,Universal,44,50,Monster Force,Action,3750,9715,100.24,74.58,174.82,163,107.25,36.43,2011
"Crazy, Stupid, Love",Warner Bros,78,81,Discovery,Romance,3020,6326,84.35,58.5,142.85,50,285.7,19.1,2011
Diary of a Wimpy Kid 2: Rodrick Rules,20th Century Fox,47,63,Comedy,Comedy,3167,7500,52.7,19.72,72.42,21,344.84,23.75,2011
Dolphin Tale,Independent,84,81,Quest,Drama,3507,5461,72.29,23.12,95.41,37,257.86,19.15,2011
Don't Be Afraid Of The Dark,Miramax Films,59,37,Monster Force,Horror,2760,3089,24.05,12.95,36.99,25,147.97,8.53,2011
Dream House,Morgan Creek Productions,7,38,The Riddle,Horror,2661,3055,21.3,17.2,38.5,50,77,8.13,2011
Drive,Independent,93,79,Rivalry,Thriller,2886,3929,35.06,41.11,76.17,15,507.83,11.34,2011
Drive Angry,Independent,45,38,Rescue,Action,2290,2265,10.72,18.21,28.93,45,64.29,5.19,2011
Extremely Loud and Incredibly Close,Warner Bros.,47,62,Mystery,Drama,2630,3820,31.85,23.4,55.25,40,138.12,10.04,2011
Fast Five,Universal,78,83,Escape,Action,3644,23655,209.4,416.3,626.13,125,500.9,86.19,2011
Final Destination 5,New Line Cinema,61,56,Monster Force,Horror,3155,5715,42.59,115.3,157.89,40,394.72,18.03,2011
Footloose,Spyglass Entertainment,71,71,Transformation,Drama,3549,4383,51.8,11.74,63.54,24,264.76,15.56,2011
Friends With Benefits,Warner Bros,71,68,Temptation,Romance,2926,6364,55.8,93.74,149.54,35,427.26,18.62,2011
Fright Night,DreamWorks,75,68,Rivalry,Horror,3114,2477,18.3,22.7,41,30,136.67,7.71,2011
Gnomeo and Juliet,Disney,56,52,Love,Animation,2994,8469,99.97,94,193.97,36,538.8,25.36,2011
Green Lantern,Warner Bros,27,48,Metamorphosis,Action,3816,13935,116.6,103.25,219.85,200,109.93,53.17,2011
Hall Pass,Warner Bros,35,44,Temptation,Comedy,2950,4588,45.06,38.1,83.16,36,231,13.54,2011
Hanna,Universal,71,67,Quest,Action,2535,4880,40.26,23.52,63.78,30,212.6,12.37,2011
Happy Feet 2,Village Roadshow Pictures,41,59,Journey and Return,Animation,3606,5889,64.01,86.4,150.41,135,111.41,21.24,2011
Harry Potter and the Deathly Hallows Part 2,Warner Bros,96,92,Rivalry,Fantasy,4375,38672,381.01,960.5,1341.51,125,1073.21,169.19,2011
Hop,Relativity Media,26,50,Fish Out Of Water,Animation,3579,10490,108.09,75.87,183.95,63,291.99,37.54,2011
Horrible Bosses,Warner Bros,69,72,Revenge,Comedy,3040,9310,117.54,92.1,209.64,35,598.97,28.3,2011
Hugo,Paramount,93,84,Mystery,Adventure,1277,8899,73.86,111.91,185.77,150,123.85,11.36,2011
I Am Number Four,Paramount,32,57,Maturation,Thriller,3154,6167,55.1,94.78,149.88,60,249.8,19.45,2011
Immortals,Relativity Media,36,59,Revenge,Action,3112,10349,83.5,143.4,226.9,75,302.54,32.21,2011
In Time,Regency Enterprises,38,55,The Riddle,Thriller,3122,3860,37.52,136.41,173.93,40,434.83,12.05,2011
Insidious,Sony,67,65,Monster Force,Horror,2408,5511,54.01,43,97.01,1.5,6467.27,13.27,2011
J.Edgar,Warner Bros,42,84,Wretched Excess,Drama,1910,5873,37.31,47.3,84.61,35,241.73,11.22,2011
Jack and Jill,Happy Madison,4,59,Comedy,Comedy,3438,7273,74.16,75.52,149.68,79,189.47,25,2011
Johnny English Reborn,Relativity Media,38,55,Comedy,Comedy,1552,2470,8.31,151.77,160.08,45,355.73,3.83,2011
Just Go With It,Happy Madison,19,63,Comedy,Romance,3548,8601,103.03,111.92,214.95,80,268.68,30.51,2011
Killer Elite,Independent,25,48,Rivalry,Action,2986,3132,25.12,31.26,56.38,70,80.55,9.35,2011
Kung Fu Panda 2,DreamWorks Animation,82,80,Rivalry,Animation,3925,12142,165.25,500.44,665.69,150,443.79,47.66,2011
Larry Crowne,Universal,34,46,Discovery,Drama,2973,4405,35.61,36.4,72.01,30,240.03,13.1,2011
Limitless,Virgin,69,73,Wretched Excess,Thriller,2756,6860,79.25,82.6,161.85,27,599.44,18.91,2011
Mars Needs Moms,Disney,36,43,Rescue,Animation,3117,2218,21.39,17.6,38.99,150,25.99,6.91,2011
Midnight in Paris,Sony,93,84,Love,Romance,944,6177,56.82,94.3,151.12,17,888.94,5.83,2011
Mission Impossible 4,Paramount,93,86,Pursuit,Action,3448,8672,209.39,485.32,694.71,145,479.11,29.55,2011
Moneyball,Columbia,95,89,Underdog,Drama,2993,6516,75.6,34.6,110.2,50,220.4,19.5,2011
Monte Carlo,20th Century Fox,38,50,Love,Romance,2473,3014,23.19,16.48,39.67,20,198.33,7.45,2011
Mr. Popper's Penguins,20th Century Fox,47,54,Discovery,Comedy,3339,5524,68.22,119.14,187.36,55,340.66,18.45,2011
My Week with Marilyn,The Weinstein Company,83,84,Love,Drama,247,7174,14.6,20.46,35.06,10,350.57,1.75,2011
New Year's Eve,Warner Bros.,8,48,Love,Romance,3505,3714,54.54,87.5,142.04,56,253.64,13.01,2011
No Strings Attached,Spyglass Entertainment,49,57,Comedy,Comedy,3018,6512,70.66,78.57,149.23,25,596.91,19.7,2011
One Day,Independent,37,54,Love,Romance,1719,2955,13.84,45.55,59.39,15,395.92,5.08,2011
Paranormal Activity 3,Independent,68,58,Monster Force,Horror,3321,15829,104.03,103.01,207.04,5,4140.78,52.57,2011
Paul,Relativity,72,70,Comedy,Comedy,2802,4655,37.41,60.57,97.98,40,244.96,13.04,2011
"Pirates of the Caribbean:
On Stranger Tides",Disney,34,61,Quest,Action,4155,21697,241.07,804.64,1045.71,250,418.28,90.15,2011
Priest,Sony,17,37,Monster Force,Action,2864,5221,29.14,49.17,78.31,60,130.51,14.95,2011
Puss In Boots,DreamWorks,83,76,Quest,Animation,3952,8623,149.26,405.73,554.99,130,426.91,34.08,2011
Rango,Paramount,88,69,Fish Out Of Water,Animation,3917,9722,123.48,122.25,245.72,135,182.02,38.08,2011
Real Steel,DreamWorks Pictures,58,81,Underdog,Action,3440,7942,85.47,213.8,299.27,110,272.06,27.32,2011
Red Riding Hood,Warner Bros,11,41,Monster Force,Horror,3030,4622,37.66,51.5,89.16,42,212.29,14.01,2011
Rio,20th Century Fox,71,73,Quest,Animation,3826,10252,143.62,341.02,484.63,90,538.48,39.23,2011
Rise of the Planet of the Apes,20th Century Fox,83,87,Revenge,Action,3648,15024,176.7,305.04,481.74,93,518,54.81,2011
Sanctum,Relativity Media,30,39,Quest,Action,2787,3390,23.21,85.4,108.61,30,362.03,9.4,2011
Scream 4,Weinstein Company,58,57,Monster Force,Horror,3305,5656,38.18,58.96,97.14,40,242.84,18.69,2011
Season Of The Witch,Relativity,10,32,Monster Force,Action,2816,3769,24.83,66.8,91.63,40,229.07,10.6,2011
Shark Night 3D,Relativity,16,25,Escape,Horror,2806,2995,18.88,21.26,40.14,25,160.54,8.4,2011
Sherlock Holmes 2,Warner Bros,60,79,Pursuit,Action,3703,10704,186.85,358.6,545.45,125,436.36,39.63,2011
Soul Surfer,Sony,46,79,Underdog,Drama,2214,4789,43.85,3.24,47.09,18,261.6,10.6,2011
Source Code,Summit Entertainment,92,81,The Riddle,Thriller,2961,5002,54.71,92.62,147.33,32,460.41,14.81,2011
Spy Kids: All The Time in the World,Weinstein Company,22,40,Quest,Action,3295,3534,38.54,47.03,85.56,27,316.9,11.64,2011
Sucker Punch,Legendary Pictures,23,48,Quest,Action,3033,6284,36.39,53.4,89.79,82,109.5,19.06,2011
Super 8,Paramount,82,78,Monster Force,Horror,3379,10492,127,133.09,260.1,50,520.19,35.45,2011
The Adjustment Bureau,Independent,72,67,Sacrifice,Thriller,2840,7450,62.5,65.37,127.87,50.2,254.72,21.16,2011
The Adventures of Tintin,Paramount,74,78,Quest,Adventure,3087,3149,77.59,296.4,373.99,130,287.69,9.72,2011
The Artist,Weinstein Company,97,91,Discovery,Drama,662,3583,44.67,88.76,133.43,16,833.95,2.37,2011
The Beaver,Summit Entertainment,62,57,Transformation,Drama,22,4890,0.97,5.4,6.37,21,30.33,0.11,2011
The Big Year,Independent,38,62,Transformation,Comedy,2150,1513,7.2,0.24,7.45,41,18.17,3.25,2011
The Change Up,Relativity Media,24,53,Metamorphosis,Comedy,2913,4645,37.08,38.37,75.45,52,145.09,13.53,2011
The Company Men,Weinstein Company,66,55,Discovery,Drama,106,6111,4.44,0.44,4.88,15,32.55,0.64,2011
The Conspirator,Independent,56,65,Underdog,Drama,707,4960,11.54,3.94,15.48,25,61.91,3.51,2011
The Debt,Universal,76,70,Pursuit,Thriller,1826,5427,31.18,14.46,45.64,20,228.18,9.91,2011
The Descendants,20th Century Fox,89,88,Discovery,Drama,876,5000,82.58,94.66,177.24,20,886.22,4.38,2011
The Dilemma,Spyglass Entertainment,23,31,Comedy,Comedy,2940,6060,48.48,21.25,69.72,70,99.6,17.8,2011
The Eagle,Universal,39,43,Quest,Action,2296,3782,19.49,7.63,27.12,25,108.48,8.68,2011
The Girl With The Dragon Tattoo,Sony,87,89,Pursuit,Thriller,2914,4382,102.06,130.1,232.16,90,257.96,12.76,2011
The Green Hornet,Columbia,44,47,Rivalry,Action,3584,9335,98.78,129.04,227.82,120,189.85,33.5,2011
The Hangover Part II,Legendary Pictures,35,58,Comedy,Comedy,3615,23775,254.46,332.3,586.76,80,733.46,85.95,2011
The Help,DreamWorks Pictures,75,91,Maturation,Drama,2534,10278,169.71,46.93,216.64,25,866.56,26.04,2011
The Ides of March,Columbia,85,76,Transformation,Thriller,2199,4761,40.96,35.03,75.99,12.5,607.94,10.47,2011
The Iron Lady,Weinstein Company,53,54,Biography,Drama,802,6749,30.02,84.94,114.96,13,884.27,5.41,2011
The Lincoln Lawyer,Lionsgate,84,82,Fish Out Of Water,Drama,2707,4879,58.01,17,75.01,40,187.52,13.21,2011
The Mechanic,Independent,53,52,Revenge,Action,2703,4226,29.12,21.95,51.07,40,127.68,11.4,2011
The Muppets,Disney,97,87,Quest,Comedy,3440,8500,88.63,76.55,165.18,45,367.08,29.24,2011
The Rite,Warner Bros,20,43,Monster Force,Horror,2985,4955,33.05,63,96.05,37,259.59,14.8,2011
The Roommate,Independent,4,29,Monster Force,Horror,2534,5921,37.3,3.19,40.49,16,253.08,15,2011
The Rum Diary,Independent,50,48,Discovery,Drama,2273,2259,13.11,10.84,23.95,45,53.21,5.14,2011
The Sitter,Fox,22,43,Comedy,Comedy,2750,2582,30.44,4.5,34.94,25,139.76,9.85,2011
The Smurfs,Sony Pictures Animation,23,50,Fish Out Of Water,Animation,3395,10489,142.61,421.14,563.75,110,512.5,35.61,2011
The Thing,Universal,36,52,Monster Force,Horror,2996,2835,16.93,10.5,27.43,38,72.18,8.49,2011
The Three Musketeers,Independent,24,48,Rivalry,Action,3017,2875,20.37,111.9,132.27,75,176.37,8.67,2011
The Tree Of Life,Independent,84,61,Discovery,Drama,4,93230,13.3,41,54.3,32,169.7,0.37,2011
Thor,Disney,77,80,Monster Force,Action,3955,16618,181.03,268.29,449.32,150,299.55,65.72,2011
Tinker Tailor Soldier Spy,Focus,83,68,Pursuit,Thriller,809,6772,24.15,56.48,80.63,21,383.95,5.47,2011
Tower Heist,Relativity,68,61,Revenge,Comedy,3367,7135,78.04,74.88,152.92,75,203.9,24.03,2011
Transformers: Dark of the Moon,DreamWorks Pictures,35,67,Quest,Action,4088,23937,352.39,771.4,1123.79,195,576.3,97.85,2011
Twilight: Breaking Dawn,Independent,26,68,Love,Romance,4061,34012,281.29,430.88,712.17,110,647.43,138.12,2011
Unknown,Independent,55,57,The Riddle,Thriller,3043,7183,63.69,67.1,130.79,30,435.95,21.86,2011
War Horse,Disney,77,73,Biography,Drama,2376,6114,79.88,97.7,177.58,66,269.07,14.52,2011
Warrior,Lionsgate,83,93,Rivalry,Action,1869,2805,13.66,9.4,23.06,25,92.23,5.24,2011
Water For Elephants,20th Century Fox,60,72,Love,Drama,2817,5979,58.71,58.39,117.09,38,308.14,16.84,2011
We Bought a Zoo,Fox,63,79,Comedy,Comedy,3117,3003,75.62,44.46,120.08,50,240.16,9.36,2011
What's Your Number,20th Century Fox,24,50,Transformation,Comedy,3002,1806,14.01,16.42,30.43,20,152.13,5.42,2011
Winnie The Pooh,Disney,91,79,Quest,Animation,2405,3267,26.69,6.46,33.15,30,110.51,7.86,2011
X-Men: First Class,Disney,87,88,Monster Force,Action,3641,15134,146.41,207.22,353.62,160,221.01,55.1,2011
Your Highness,Universal,26,36,Comedy,Comedy,2769,3380,21.6,3.26,24.86,49.9,49.81,9.36,2011
Zookeeper,Happy Madison Productions,14,42,Comedy,Comedy,3482,5763,80.36,89.49,169.85,80,212.31,20.07,2011
127 Hours,Independent,93,84,Escape,Adventure,916,2333,18.33,42.4,60.73,18,337.39,2.13,2010
A Nightmare on Elm Street,Warner Bros.,13,40,Monster Force,Horror,3332,9875,63.08,52.59,115.67,35,330.49,32.9,2010
Alice in Wonderland,Disney,52,72,Journey and Return,Adventure,3728,31143,334.19,691.28,1025.47,200,512.73,116.1,2010
All About Steve,Independent,6,35,Comedy,Comedy,2251,4994,33.86,6.26,40.12,15,267.47,11.2,2010
Alpha and Omega,Crest,17,41,Journey and Return,Animation,2625,3469,25.11,25.4,50.51,20,252.54,9.1,2010
Black Swan,Fox,88,86,Wretched Excess,Drama,959,8742,106.95,222.44,329.4,13,2533.82,8.38,2010
Brooklyn's Finest,Independent,42,47,Temptation,Action,1936,6896,27.16,9.28,36.44,17,214.35,13.4,2010
Buried,Independent,86,63,Escape,Drama,11,9115,1.04,18.11,19.15,2,957.4,0.1,2010
Burlesque,Paramount,36,66,Rags to Riches,Drama,3037,3934,39.44,50.08,89.52,55,162.76,11.95,2010
Case 39,Independent,23,42,Monster Force,Horror,2211,2420,13.26,14.93,28.19,26,108.42,5.4,2010
Cats & Dogs: The Revenge of Kitty Galore,Independent,13,43,Pursuit,Action,3705,3314,43.59,68.9,112.49,85,132.34,12.3,2010
Charlie St. Cloud,Universal,27,62,Discovery,Fantasy,2718,4555,31.16,17.03,48.19,44,109.52,12.4,2010
City Island,Independent,81,77,Transformation,Comedy,2,16000,6.67,1.2,7.87,6,131.23,0.03,2010
Clash of the Titans,Warner Bros.,28,48,Quest,Action,3777,16213,163.21,330,493.21,125,394.57,61.2,2010
Conviction,Independent,68,71,Rescue,Biography,672,2424,6.79,2.92,9.71,12.5,77.68,1.62,2010
Cop Out,Warner Bros.,19,45,The Riddle,Action,3150,5781,44.88,10.71,55.59,30,185.29,18.21,2010
Country Strong,Sony,20,56,Rags to Riches,Drama,1424,5145,20.22,0.31,20.53,15,136.85,7.33,2010
Cyrus,Independent,80,51,Rivalry,Comedy,4,45429,7.47,2.45,9.92,7,141.71,0.18,2010
Date Night,Fox,66,58,Pursuit,Comedy,3374,7471,98.71,53.55,152.26,55,276.84,25.2,2010
Daybreakers,Lionsgate,67,50,Discovery,Action,2523,6003,30.1,21.31,51.41,20,257.05,15.1,2010
Dear John,Sony,29,66,Love,Drama,2969,10262,80.01,34.96,114.97,25,459.88,30.4,2010
Death at a Funeral,Independent,40,48,Comedy,Comedy,2459,6595,42.74,6.31,49.05,21,233.57,16.2,2010
Despicable Me,Universal,81,81,Maturation,Animation,3476,16225,251.51,291.6,543.11,69,787.12,56.4,2010
Devil,Independent,52,45,Monster Force,Horror,2809,4375,33.6,29.09,62.69,10,626.94,12.3,2010
Diary of a Wimpy Kid,Independent,53,49,Underdog,Comedy,3077,7191,64,11.7,75.7,15,504.67,22.1,2010
Dinner for Schmucks,Paramount,43,47,Comedy,Comedy,2911,8082,73.03,13.83,86.86,69,125.88,23.5,2010
Due Date,Warner Bros.,40,56,Comedy,Comedy,3355,9743,100.54,111.24,211.78,50,423.56,32.69,2010
Easy A,Sony,85,75,Maturation,Comedy,2856,6209,58.4,16.55,74.95,8,936.88,17.7,2010
Eat Pray Love,Sony,36,46,Journey and Return,Drama,3082,7497,80.57,124.02,204.59,60,340.98,23.1,2010
Edge of Darkness,Warner Bros.,55,56,Revenge,Crime,3066,5615,43.31,37.81,81.12,80,101.4,17.2,2010
Extraordinary Measures,CBS,27,55,Underdog,Drama,2549,2359,12.07,3.07,15.14,31,48.84,6,2010
Faster,CBS,41,50,Revenge,Action,2454,3873,23.24,12.39,35.63,24,148.44,8.52,2010
For Colored Girls,Independent,33,73,Discovery,Drama,2127,9167,37.73,17.32,55.05,21,262.14,19.5,2010
From Paris with Love,Independent,38,57,Pursuit,Action,2722,2997,24.08,28.75,52.83,52,101.59,8.2,2010
Furry Vengeance,Summit,8,36,Comedy,Comedy,2997,2211,17.63,18.61,36.24,35,103.53,6.6,2010
Get Him to the Greek,Universal,73,63,Comedy,Comedy,2697,6515,60.97,30.29,91.26,40,228.14,17.6,2010
Going the Distance,Warner Bros.,53,56,Love,Comedy,3030,2272,17.8,24.25,42.05,32,131.41,6.9,2010
Green Zone,Universal,53,60,Quest,Action,3003,4765,35.05,59.83,94.88,100,94.88,14.3,2010
Grown Ups,Independent,10,59,Comedy,Comedy,3534,11462,162,109.43,271.43,80,339.29,40.5,2010
Gulliver's Travels,Fox,21,31,Journey and Return,Comedy,2546,2477,42.78,194.6,237.38,112,211.95,6.3,2010
Harry Potter and the Deathly Hallows Part 1,Warner Bros.,79,87,Quest,Adventure,4125,30307,295,664.3,959.3,125,767.44,125,2010
Hot Tub Time Machine,MGM,64,57,Journey and Return,Adventure,2754,5091,50.29,14.28,64.57,36,179.36,14,2010
How to Train Your Dragon,Paramount,98,90,Underdog,Animation,4055,10785,217.58,277.3,494.88,165,299.93,43.7,2010
Inception,Warner Bros.,86,93,Journey and Return,Action,3792,16557,292.58,532.96,825.54,160,515.96,62.8,2010
Iron Man 2,Paramount,74,80,Rivalry,Action,4380,29252,312.43,311.5,623.93,200,311.97,128.1,2010
Jackass 3-D,Paramount,63,72,Comedy,Documentary,3081,16343,117.23,54.46,171.69,20,858.43,50.4,2010
Jonah Hex,Warner Bros.,13,24,Revenge,Action,2825,1904,10.55,0.36,10.91,47,23.21,5.4,2010
Just Wright,Fox,45,58,Love,Comedy,1831,4525,21.54,0.03,21.57,12,179.74,8.3,2010
Kick-Ass,Independent,76,83,Rivalry,Action,3065,6469,48.07,48.12,96.19,30,320.63,19.8,2010
Killers,Lionsgate,11,45,Love,Action,2859,5539,47.06,51.1,98.16,75,130.88,15.8,2010
Knight and Day,Fox,53,52,Pursuit,Action,3098,6501,76.42,185.51,261.93,117,223.87,20.2,2010
Leap Year,Universal,21,49,Love,Comedy,2511,3665,25.92,6.69,32.61,19,171.62,9.2,2010
Legend of the Guardians: The Owls of Ga'Hoole,Warner Bros.,51,65,Rivalry,Animation,3575,4507,55.68,84.4,140.07,80,175.09,16.1,2010
Legion,Independent,19,36,Monster Force,Action,2476,7069,40.17,27.75,67.92,26,261.23,17.5,2010
Letters to Juliet,Summit,40,62,Love,Comedy,2968,4562,53.03,26.15,79.18,30,263.93,13.5,2010
Life as We Know It,Independent,28,62,Love,Comedy,3150,4605,53.13,43.03,53.37,52.27,102.1,14.5,2010
Little Fockers,Independent,9,40,Comedy,Comedy,3536,8720,148.44,162.21,310.65,100,310.65,30.83,2010
Love & Other Drugs,Fox,48,55,Love,Comedy,2455,3967,32.37,70.44,102.8,30,342.67,9.74,2010
MacGruber,Independent,47,33,Comedy,Action,2551,1585,8.53,0.8,9.33,10,93.27,4,2010
Machete,Independent,73,66,Revenge,Action,2670,4276,26.59,17.5,44.09,20,220.45,11,2010
Marmaduke,Fox,9,46,Rivalry,Comedy,3213,3610,33.64,50.12,83.76,50,167.51,11.6,2010
Megamind,Paramount,72,73,Transformation,Animation,3944,11668,148.42,173.47,321.88,130,247.6,46.02,2010
Morning Glory,Independent,54,54,Comedy,Comedy,2518,3655,31.01,29.03,60.04,40,150.1,9.2,2010
My Soul to Take,Relativity Media,9,29,Monster Force,Horror,2572,2660,14.74,6.23,20.97,25,83.88,6.84,2010
Nanny McPhee Returns,Universal,77,54,Comedy,Comedy,2784,3020,29.01,64.23,93.24,35,266.4,8.4,2010
Paranormal Activity 2,Paramount,58,57,Monster Force,Horror,3216,12649,84.75,92.76,177.51,3,5917.03,40.67,2010
Percy Jackson & the Olympians: The Lightning Thief,Fox,50,57,Rivalry,Action,3356,9308,88.77,137.73,226.5,95,238.42,31.2,2010
Piranha 3-D,The Weinstein Company,74,45,Monster Force,Comedy,2470,4092,25,58.19,83.19,24,346.62,10.1,2010
Predators,Fox,64,52,Monster Force,Action,2669,9277,52,75.23,127.23,40,318.08,24.8,2010
Prince of Persia: The Sands of Time,Disney,36,71,Rivalry,Action,3646,8254,90.76,245.61,336.37,200,168.18,30,2010
Red,Summit,71,72,Rivalry,Action,3255,6686,90.38,108.63,199.01,58,343.11,21.8,2010
Remember Me,Summit,28,70,Love,Drama,2212,3657,19.07,36.96,56.03,16,350.21,8,2010
Repo Men,Universal,22,43,Rescue,Action,2521,2430,13.79,4.62,18.41,32,57.53,6.1,2010
Resident Evil: Afterlife,Highlight Communications,24,53,Monster Force,Action,3203,8320,60.13,236.09,296.22,60,493.7,26.7,2010
Robin Hood,Universal,42,59,Rivalry,Action,3503,10295,105.27,216.4,321.67,200,160.83,36,2010
Salt,Sony,62,62,Revenge,Action,3612,9970,118.31,175.19,293.5,110,266.82,36,2010
Saw 3-D,Independent,10,47,Escape,Crime,2808,8024,45.71,90.44,136.15,20,680.75,22.53,2010
Scott Pilgrim vs. the World,Universal,81,83,Underdog,Action,2818,3765,31.52,16.14,47.66,60,79.43,10.6,2010
Sex and the City 2,Warner Bros.,15,49,Love,Comedy,3445,8999,95.35,193,288.35,100,288.35,31,2010
She's Out of My League,Paramount,57,60,Love,Comedy,2956,3307,32.01,17.77,49.78,20,248.89,9.8,2010
Shrek Forever After,Paramount,57,64,Journey and Return,Animation,4359,16251,238.74,513.86,752.6,165,456.12,70.8,2010
Shutter Island,Paramount,68,73,The Riddle,Drama,2991,13729,128.01,166.79,294.8,80,368.5,41,2010
Skyline,Independent,16,19,Monster Force,Action,2880,4060,21.39,45.43,66.82,10,668.17,11.69,2010
Solitary Man,Independent,81,47,Wretched Excess,Comedy,4,23734,4.36,0.82,5.18,15,34.52,0.09,2010
Step Up 3D,Summit,46,67,Transformation,Drama,2435,6494,42.4,116.89,159.29,30,530.97,15.8,2010
Stone,Independent,49,20,Rivalry,Drama,6,12628,1.81,7.67,9.48,22,43.09,0.08,2010
Takers,Sony,27,57,Rivalry,Action,2206,9298,57.74,11.31,69.05,32,215.78,20.5,2010
Tangled,Disney,89,88,Love,Animation,3603,13535,200.82,390.97,591.79,260,227.61,48.77,2010
The A-Team,Fox,47,71,Pursuit,Action,3535,7262,77.22,100.02,177.24,100,177.24,25.7,2010
The American,Universal,66,37,Rivalry,Crime,2823,4668,35.61,32.27,67.88,20,339.38,13.1,2010
The Back-up Plan,CBS,20,47,Love,Comedy,3280,3720,37.49,39.99,77.48,35,221.36,12.2,2010
The Book of Eli,Independent,48,68,Quest,Action,3111,10540,94.84,62.27,157.11,80,196.38,32.7,2010
The Bounty Hunter,Sony,7,41,Rivalry,Action,3074,6729,67.06,69.27,136.33,40,340.83,20.7,2010
The Chronicles of Narnia: The Voyage of the Dawn Treader,Fox,49,63,Quest,Adventure,3555,6752,104.39,311.3,415.69,155,268.18,24,2010
The Crazies,Liberty Starz,72,54,Monster Force,Horror,2476,6489,39.12,15.68,54.8,20,274.02,16.07,2010
The Expendables,Independent,40,58,Pursuit,Action,3270,10650,103.07,171.4,274.47,82,334.72,34.8,2010
The Fighter,Paramount,91,88,Underdog,Drama,2503,4848,93.62,35.54,129.15,25,516.62,12,2010
The Ghost Writer,Summit,83,68,The Riddle,Mystery,819,2520,15.54,44.68,60.22,45,133.82,2,2010
The Karate Kid,Sony,66,75,Underdog,Action,3663,15197,176.59,182.53,359.12,40,897.8,55.7,2010
The Kids Are All Right,Independent,94,72,Comedy,Comedy,847,4162,20.81,13.89,34.7,4,867.6,3.5,2010
The King's Speech,Independent,95,93,Maturation,Biography,700,6406,138.79,275.41,414.2,15,2761.36,4.4,2010
The Last Airbender,Paramount,6,42,Quest,Action,3169,12725,131.77,187.94,319.71,150,213.14,40.3,2010
The Last Exorcism,Independent,73,32,Monster Force,Drama,2874,7087,41.03,26.7,67.73,1.8,3762.94,20.4,2010
The Last Song,Disney,19,66,Discovery,Drama,2673,5989,62.95,26.09,89.04,20,445.2,16,2010
The Losers,Warner Bros.,47,55,Revenge,Action,2936,3204,23.59,5.79,29.38,25,117.52,9.4,2010
The Next Three Days,Lionsgate,51,66,Rescue,Crime,2564,2552,21.15,46.3,67.45,30,224.83,6.54,2010
The Other Guys,Sony,78,57,Comedy,Action,3651,9735,119.22,51.21,170.43,100,170.43,35.5,2010
The Runaways,Independent,68,56,Maturation,Biography,244,3300,3.57,1.11,4.68,10,46.77,0.8,2010
The Social Network,Sony,96,89,Rags to Riches,Biography,2771,8100,96.96,127.96,224.92,50,449.84,22.4,2010
The Sorcerer's Apprentice,Disney,42,57,Pursuit,Action,3504,5028,63.15,152.13,215.28,150,143.52,17.6,2010
The Switch,Independent,52,44,Comedy,Comedy,2012,4193,27.78,22.05,49.83,19,262.27,8.4,2010
The Tourist,Sony,20,44,Pursuit,Thriller,2756,5977,67.63,210.72,278.35,100,278.35,16,2010
The Town,Warner Bros.,94,83,Rivalry,Crime,2856,8322,92.19,61.84,154.03,37,416.28,23.8,2010
The Twilight Saga: Eclipse,Summit,50,74,Monster Force,Drama,4468,14510,300.53,397.96,698.49,68,1027.19,64.8,2010
The Wolfman,Universal,33,38,Monster Force,Drama,3222,9770,61.98,77.81,139.79,150,93.19,31.5,2010
Tooth Fairy,Fox,16,46,Comedy,Comedy,3344,4190,60.02,52.44,112.46,48,234.29,14,2010
Toy Story 3,Disney,99,91,Rescue,Animation,4028,27385,415,648.16,1063.16,200,531.58,110.3,2010
Tron: Legacy,Independent,50,67,Fish Out Of Water,Action,3451,12578,172.06,228,400.06,170,235.33,44.03,2010
True Grit,Paramount,96,86,Revenge,Adventure,3047,8149,171.24,81.03,252.27,38,663.88,24,2010
Unstoppable,Fox,86,73,Rescue,Action,3207,7075,81.56,86.24,167.8,95,176.63,22.69,2010
Valentine's Day,Warner Bros.,17,54,Love,Comedy,3655,15351,110.49,106,216.49,52,416.32,56.2,2010
Vampires Suck,Independent,4,32,Comedy,Comedy,3233,3774,36.66,43.89,80.55,20,402.73,12.2,2010
Wall Street: Money Never Sleeps,Independent,54,43,Rivalry,Drama,3565,5333,52.47,82.27,134.74,70,192.49,19,2010
Why Did I Get Married Too?,Lionsgate,27,67,Comedy,Comedy,2155,13591,60.09,0.58,60.67,20,303.35,29.3,2010
Yogi Bear,Warner Bros.,14,36,Comedy,Comedy,3515,4669,100.25,101.34,201.58,80,251.98,16.4,2010
You Again,Independent,18,45,Comedy,Comedy,2548,3300,25.7,6.3,32,20,160.02,8.4,2010
Youth in Revolt,The Weinstein Company,68,52,Love,Comedy,1873,3678,15.28,4.37,19.65,18,109.16,6.9,2010
Avatar,Fox,83,92,Metamorphosis,Action,3452,22313,760.5,2021,2781.5,237,1173.63,77,2009
Transformers: Revenge of the Fallen,Paramount,20,76,Revenge,Action,4234,25736,402.1,434.2,836.3,210,398.24,109,2009
Harry Potter and the Half-Blood Prince,Warner Bros.,83,75,Quest,Adventure,4325,17997,302,632,934,250,373.6,77.8,2009
The Twilight Saga: New Moon,Summit,27,78,Love,Drama,4024,35497,296.62,413.2,709.82,50,1419.64,142.8,2009
Up,Disney,98,86,Journey and Return,Animation,3766,18085,293,438.3,731.3,175,417.89,68.1,2009
The Hangover,Warner Bros.,79,87,Comedy,Comedy,3269,13759,277.3,190.16,467.46,35,1335.6,45,2009
Star Trek,Paramount,94,91,Revenge,Action,3849,19539,257.7,127.95,385.65,140,275.46,75.2,2009
The Blind Side,Warner Bros.,65,90,Rags To Riches,Biography,3110,10971,255.96,53.24,309.2,29,1066.2,34.1,2009
Alvin and the Chipmunks: The Squeakquel,Independent,21,59,Comedy,Animation,3700,13210,219.5,223,440.7,75,587.6,48.8,2009
Sherlock Holmes,Warner Bros.,70,81,The Riddle,Action,3626,17183,209.02,315,524.02,90,582.24,62.3,2009
Monsters Vs. Aliens,Paramount,72,65,Monster Force,Animation,4104,14454,198.4,183.2,381.5,175,218,59.3,2009
Ice Age: Dawn of the Dinosaurs,Fox,45,72,Quest,Animation,4099,10171,196.57,690.11,886.68,90,985.2,41.7,2009
X-Men Origins: Wolverine,Fox,37,72,Revenge,Action,4099,20751,179.9,193.2,373.1,150,248.73,85.1,2009
Night at the Museum: Battle of the Smithsonian,Fox,43,60,Quest,Action,4096,13226,177.2,235.8,413,150,275.33,54.2,2009
2012,Sony,39,63,Escape,Action,3404,19165,166.12,603.57,769.69,200,384.84,65.3,2009
The Proposal,Disney,43,74,Love,Comedy,3056,11004,163.96,153.42,314.7,40,786.75,33.6,2009
Fast and Furious,Universal,28,76,Revenge,Action,3461,20500,155.1,208,363.1,85,427.18,70.9,2009
G.I. Joe: The Rise of Cobra,Paramount,33,62,Pursuit,Action,4007,13654,150.2,152.26,302.1,175,172.63,54.7,2009
Paul Blart: Mall Cop,Sony,33,50,Comedy,Action,3144,10125,146.33,36.95,183.28,26,704.92,31.8,2009
Taken,Fox,58,83,Pursuit,Action,3183,7765,145,81.8,226.8,25,907.2,24.7,2009
A Christmas Carol,Disney,52,72,Transformation,Animation,3683,8159,137.9,187.43,325.33,200,162.67,30.1,2009
Angels & Demons,Sony,36,65,The Riddle,Mystery,3527,13100,133.4,352.6,485.9,150,323.93,46.2,2009
Terminator Salvation,Warner Bros.,33,64,Monster Force,Action,3530,12056,125.3,246.7,372,200,186,42.6,2009
Cloudy with a Chance of Meatballs,Sony,86,70,Comedy,Animation,3119,9716,124.9,118.13,243.03,100,243.03,30.3,2009
Inglourious Basterds,Universal,88,87,Underdog,Adventure,3135,12024,120.5,200.91,321.41,70,459.16,38,2009
G-Force,Disney,22,50,Comedy,Action,3697,8576,119.4,173.38,285.1,150,190.07,31.7,2009
District 9,Independent,91,81,Metamorphosis,Action,3049,12251,115.6,95.17,210.77,30,702.57,37.4,2009
It's Complicated,Universal,56,63,Love,Comedy,2887,7655,112.73,106.37,219.1,85,257.76,22.1,2009
Couples Retreat,Universal,12,47,Comedy,Comedy,3000,11429,109.2,62.63,171.83,60,286.38,34.3,2009
Paranormal Activity,Independent,82,56,Monster Force,Horror,760,25813,107.92,85.44,193.36,0.02,1289040,19.6,2009
Watchmen,Warner Bros.,64,68,Sacrifice,Action,3611,15291,107.5,77.7,185.3,130,142.54,55.2,2009
The Princess and the Frog,Disney,84,72,Metamorphosis,Animation,3434,7050,104.4,162.64,267.04,105,254.32,24.2,2009
Public Enemies,Universal,67,65,Underdog,Biography,3334,7580,97.1,117,214.1,100,214.1,25.2,2009
Julie & Julia,Sony,74,69,Underdog,Biography,2354,8508,94.12,32.45,126.57,40,316.43,20,2009
He's Just Not That Into You,Warner Bros.,42,60,Love,Comedy,3175,8751,93.95,84.89,178.84,25,715.36,27.8,2009
The Ugly Truth,Independent,14,68,Love,Comedy,2882,9579,88.9,116.38,205.28,38,540.22,27.6,2009
Up in the Air,Paramount,90,76,Maturation,Drama,1895,5947,83.82,116.38,200.2,25,800.81,11.2,2009
Knowing,Summit,33,50,Escape,Drama,3332,7384,79.95,103.63,183.58,50,367.16,24.6,2009
Hannah Montana: The Movie,Disney,44,66,Maturation,Comedy,3118,10367,79.58,75.97,155.55,35,444.43,32.3,2009
Where the Wild Things Are,Warner Bros.,73,59,Journey and Return,Adventure,3735,8754,77.23,22.85,100.08,100,100.08,32.7,2009
Zombieland,Sony,90,87,Monster Force,Action,3036,8147,75.59,26.8,102.39,23.6,433.86,24.7,2009
Coraline,Universal,89,77,Journey and Return,Animation,2299,7329,75.28,49.3,124.58,60,207.63,16.8,2009
Law Abiding Citizen,Independent,25,77,Revenge,Crime,2890,7280,73.4,53.08,126.48,53,238.64,21,2009
Hotel for Dogs,Paramount,46,57,Comedy,Comedy,3271,5201,73,43.97,118.2,35,337.71,17,2009
Michael Jackson's This Is It,Sony,81,82,Tragedy,Documentary,3481,6675,72.1,189.09,261.19,60,435.32,23.3,2009
"I Love You, Man",Paramount,83,72,Comedy,Comedy,2711,6570,71.4,20.2,91.4,40,228.5,17.8,2009
Obsessed,Sony,20,50,Rivalry,Drama,2514,11318,68.26,5.56,73.82,20,369.1,28.6,2009
Race to Witch Mountain,Buena Vista,42,50,Quest,Action,3187,7651,67.17,39.21,106.38,50,212.76,24.4,2009
The Final Destination,Warner Bros.,29,52,Escape,Horror,3121,8782,66.5,119.69,186.19,40,465.47,27.4,2009
The Taking of Pelham 1 2 3,Sony,51,60,Rescue,Action,3074,7603,65.45,84.71,150.16,100,150.16,23.37,2009
Friday the 13th,Paramount,25,52,Monster Force,Horror,3105,13066,65,26.4,91.4,19,481.05,40.6,2009
17 Again,Independent,55,70,Maturation,Comedy,3255,7288,64.2,72.1,136.3,20,681.5,23.7,2009
The Time Traveler's Wife,Paramount,38,65,Love,Drama,2988,6233,63.41,37.92,101.33,39,259.82,18.6,2009
Bruno,Universal,68,48,Comedy,Comedy,2756,11110,60.1,78.75,130.8,42,311.43,30.6,2009
Bride Wars,Fox,11,56,Comedy,Comedy,3226,6528,58.75,55.95,115.15,30,383.83,21.1,2009
The Haunting in Connecticut,Lionsgate,17,51,Monster Force,Drama,2732,8420,55.39,22.13,77.52,30,258.4,23,2009
Ghosts of Girlfriends Past,Warner Bros.,27,47,Love,Comedy,3175,4854,55.25,46.97,102.22,50,204.44,15.4,2009
Funny People,Universal,68,58,Transformation,Comedy,3007,7535,51.85,19.73,71.58,75,95.44,22.7,2009
My Bloody Valentine 3-D,Lionsgate,57,48,Pursuit,Crime,2534,8383,51.54,49.19,100.73,14,719.49,21.2,2009
Old Dogs,Buena Vista,5,49,Comedy,Comedy,3425,4933,49.49,47.26,96.75,35,276.43,16.9,2009
Land of the Lost,Universal,26,38,Journey and Return,Drama,3521,5350,49.43,19.34,68.77,100,68.77,18.8,2009
My Sister's Keeper,Warner Bros.,47,73,Escape,Drama,2606,4774,49.2,46.51,95.71,27.5,348.05,12.4,2009
Underworld: Rise of the Lycans,Sony,30,68,Rivalry,Action,2942,7080,45.8,45.55,91.35,35,261,20.8,2009
Confessions of a Shopaholic,Disney,24,53,Comedy,Comedy,2507,6010,44.27,64.05,108.3,70,155,15,2009
The Lovely Bones,Paramount,32,57,Tragedy,Drama,2563,6635,44,49.51,93.51,65,143.86,17,2009
Year One,Sony,14,31,Quest,Adventure,3022,6489,43.33,19.02,62.35,60,103.92,19.6,2009
The Unborn,Relativity Media,11,39,Monster Force,Horror,2357,8405,42.67,33.84,76.51,16,478.19,19.8,2009
Planet 51,Independent,22,45,Comedy,Animation,3035,4048,42.19,63.45,105.64,70,150.91,12.3,2009
Drag Me to Hell,Universal,92,61,Monster Force,Horror,2508,6310,42.1,48.7,90.8,30,302.67,15.8,2009
Orphan,Warner Bros.,55,65,Escape,Horror,2750,4681,41.59,35.1,76.69,30,255.64,12.8,2009
Duplicity,Universal,64,38,Rivalry,Romance,2574,5425,40.57,37.57,78.14,60,130.23,14,2009
Surrogates,Buena Vista,39,42,Pursuit,Action,2951,5050,38.57,83.86,122.43,80,153.04,14.9,2009
Ninja Assassin,Warner Bros.,25,57,Revenge,Action,2503,5320,38.12,23.47,61.59,50,123.18,13.3,2009
Invictus,Warner Bros.,75,74,Underdog,Biography,2125,4052,37.49,84.74,122.23,60,203.72,8.6,2009
State of Play,Universal,84,71,The Riddle,Crime,2803,5020,37.02,50.79,88.3,60,147,14.1,2009
Notorious,Fox,50,66,Tragedy,Biography,1638,12514,36.84,7.52,44.36,20,221.8,20.5,2009
The Pink Panther 2,Sony,12,47,Comedy,Adventure,3243,3573,35.92,40.02,75.94,59,128.71,11.6,2009
All About Steve,Fox,6,35,Comedy,Comedy,2251,4994,33.86,6.26,40.12,15,267.47,11.2,2009
Halloween II,Independent,20,45,Escape,Horror,3025,5405,33.39,6.02,39.41,15,262.73,16.3,2009
The Informant!,Warner Bros.,78,42,Comedy,Comedy,2505,4177,33.31,8.45,41.76,22,189.82,10.5,2009
The Men Who Stare at Goats,Independent,52,43,Comedy,Comedy,2443,5201,32.4,36.54,68.94,25,275.76,12.7,2009
(500) Days of Summer,Fox,87,81,Love,Comedy,817,4577,32.39,28.33,60.72,7.5,809.6,3.8,2009
Push,Summit,22,47,Quest,Action,2313,4358,31.81,17.04,48.85,38,128.55,10.1,2009
9,Focus,57,58,Sacrifice,Animation,1661,10398,31.74,16.67,48.41,30,161.37,10.7,2009
The Soloist,Paramount,56,59,Quest,Drama,2024,4801,31.7,6.61,38.31,60,63.85,9.7,2009
Did You Hear About the Morgans?,Sony,12,31,Comedy,Comedy,2718,2434,29.58,55.7,85.28,58,147.03,6.6,2009
The Stepfather,Sony,12,48,Rescue,Mystery,2734,4236,29.1,2.13,31.2,20,156,11.6,2009
Brothers,Lionsgate,61,62,Transformation,Drama,2088,4563,28.5,14.77,43.27,26,166.42,9.5,2009
Saw VI,Independent,40,67,Escape,Horror,3036,4650,27.69,40.5,68.19,11,619.91,14.1,2009
Dance Flick,Paramount,17,35,Comedy,Action,2450,4344,25.66,5.77,31.43,25,125.72,10.6,2009
The Fourth Kind,Universal,18,44,Monster Force,Mystery,2527,4840,25.48,22.22,47.7,10,477,12.2,2009
The International,Sony,58,39,The Riddle,Action,2364,3947,25.4,34.7,60.1,50,120.2,9.3,2009
Aliens in the Attic,Fox,30,46,Monster Force,Adventure,3106,2578,25.2,32.68,57.88,45,128.62,8,2009
Observe and Report,Warner Bros.,51,40,Comedy,Comedy,2727,4040,24,2.96,26.96,18,149.78,11,2009
Love Happens,Universal,18,40,Love,Drama,1898,4245,22.96,13.12,36.08,18,200.44,8.05,2009
Fame,MGM,25,43,Maturation,Comedy,3096,3234,22.46,54.76,77.21,18,428.95,10,2009
Fantastic Mr. Fox,Fox,93,80,Rivalry,Animation,2033,3426,21,25.46,46.46,40,116.15,7,2009
Gamer,Lionsgate,29,43,Revenge,Action,2502,3659,20.53,20.29,40.82,12.5,326.56,9.15,2009
Nine,Weinstein Co.,37,40,Discovery,Drama,1412,3862,19.67,34.32,53.99,80,67.49,5.45,2009
Astro Boy,Summit,49,53,Quest,Animation,3014,2224,19.55,20.34,39.89,65,61.36,6.7,2009
The Invention of Lying,Warner Bros.,56,47,Love,Comedy,1707,4117,18.45,13.95,32.4,18.5,175.14,7,2009
Inkheart,Warner Bros.,39,51,Quest,Adventure,2655,2862,17.3,45.14,62.44,60,104.07,7.6,2009
Fired Up!,Independent,22,52,Comedy,Comedy,1810,3030,17.2,1.37,18.6,20,93,5.5,2009
The Hurt Locker,Independent,97,83,Quest,Drama,4,36338,17.01,32.21,49.22,15,328.13,0.14,2009
Jennifer's Body,Fox,42,37,Monster Force,Comedy,2702,2542,16.2,15.35,31.55,16,197.19,6.9,2009
Imagine That,Paramount,38,44,Comedy,Comedy,3008,1830,16.12,6.86,22.99,55,41.8,5.5,2009
Adventureland,Miramax,89,56,Maturation,Comedy,1862,3073,16.04,1.12,17.16,9.8,175.1,5.7,2009
Armored,Sony,40,34,Temptation,Action,1915,3400,15.99,6.95,16,20,80,6.5,2009
A Perfect Getaway,Universal,61,50,Escape,Mystery,2159,2755,15.5,7.33,22.83,14,163.07,5.9,2009
The Box,Warner Bros.,46,27,Temptation,Drama,2635,2873,15.1,18.28,33.38,30,111.27,7.6,2009
I Love You Beth Cooper,Fox,14,38,Comedy,Comedy,1856,2648,14.8,1.02,15.82,18,87.89,4.9,2009
Amelia,Independent,21,35,Quest,Adventure,820,4761,14.25,5.4,19.2,40,48,3.9,2009
Cirque du Freak: The Vampire's Assistant,Universal,38,50,Discovery,Action,2754,2285,13.87,25.36,39.23,40,98.08,6.3,2009
Crank: High Voltage,Lionsgate,62,54,Pursuit,Action,2223,3133,13.7,20.8,34.5,12.9,267.44,7,2009
Whip It,Independent,84,73,Maturation,Drama,1721,2702,13,3.59,16,15,106.67,4.7,2009
An Education,Sony Classics,94,78,Maturation,Drama,761,1003,12.57,13.52,26.09,7.5,347.87,0.76,2009
12 Rounds,Fox,30,52,Rescue,Action,2331,2286,12.23,5.05,17.28,20,86.38,5.3,2009
Sunshine Cleaning,Independent,72,59,Transformation,Comedy,642,1527,12.06,4.51,16.57,5,331.4,0.9,2009
Sorority Row,Summit,22,38,Pursuit,Horror,2665,1899,11.97,15.24,27.21,12.5,217.68,5.1,2009
Extract,Miramax,62,37,Comedy,Comedy,1611,2694,10.8,0.03,10.83,7.5,144.33,4.3,2009
Not Easily Broken,Independent,34,66,Love,Drama,724,7340,10.6,0.14,10.7,5,214,5.3,2009
Pandorum,Independent,28,49,Monster Force,Action,2506,1765,10.3,10.31,17,40,42.5,4.4,2009
Whiteout,Warner Bros.,7,28,Pursuit,Action,2745,1791,10.28,7.57,12.2,35,34.86,4.9,2009
Next Day Air,Summit,21,27,Comedy,Action,1138,3613,10,0.15,10,3,333.33,4.1,2009
Away We Go,Focus,67,74,Discovery,Comedy,4,32603,9.45,5.44,14.89,21,70.9,0.13,2009
Dragonball Evolution,Fox,15,28,Quest,Action,2181,2181,9.36,48.13,58.23,30,194.1,4.8,2009
A Serious Man,Universal,89,64,Love,Drama,6,41890,9.23,22.2,31.43,7,448.99,0.25,2009
Everybody's Fine,Miramax,46,55,Discovery,Drama,2133,1806,9.2,7.2,16.4,21,78.1,3.9,2009
Street Fighter: The Legend of Chun-Li,Fox,16,28,Revenge,Action,1136,4156,8.74,4.02,12.34,50,24.68,4.7,2009
My Life in Ruins,Independent,9,43,Comedy,Comedy,1164,2769,8.67,11.79,18.01,17,106,3.2,2009
"Pirate Radio (The Boat that Rocked, UK)",Focus,60,72,Comedy,Comedy,882,3293,8.01,28.33,36.34,50,72.68,2.9,2009
The Road,The Weinstein Company,75,65,Quest,Adventure,111,13534,8.12,19.51,27.63,25,110.51,1.5,2009
Taking Woodstock,Focus,48,48,Quest,Comedy,1393,2482,7.46,2.52,9.98,29,34.4,3.5,2009
Post Grad,Fox,7,31,Maturation,Comedy,1959,1354,6.38,0.03,6.38,15,42.53,2.6,2009
Whatever Works,Independent,50,63,Discovery,Comedy,9,29574,5.3,29.79,35.09,15,233.94,0.26,2009
Bandslam,Summit,79,60,Maturation,Comedy,2121,1052,5.2,7.01,12.1,20,61,2.2,2009
